新文件名（后台/专题清单用这个）,原文件名,原 mdx
p-001,20260912整理_1,20260912整理_1.mdx
p-002,20260912整理_2,20260912整理_2.mdx
p-003,20260912整理_3,20260912整理_3.mdx
p-004,20260912整理_4,20260912整理_4.mdx
p-005,20260912整理_5,20260912整理_5.mdx
p-006,20260912整理_6,20260912整理_6.mdx
p-007,20260912整理_7,20260912整理_7.mdx
p-008,20260912整理_8,20260912整理_8.mdx
p-009,20260912整理_9,20260912整理_9.mdx
p-010,20260912整理_10,20260912整理_10.mdx
p-011,20260912整理_11,20260912整理_11.mdx
p-012,20260912整理_12,20260912整理_12.mdx
p-013,20260912整理_13,20260912整理_13.mdx
p-014,20260912整理_14,20260912整理_14.mdx
p-015,20260912整理_15,20260912整理_15.mdx
p-016,20260912整理_16,20260912整理_16.mdx
p-017,20260912整理_17,20260912整理_17.mdx
p-018,20260912整理_18,20260912整理_18.mdx
p-019,20260912整理_19,20260912整理_19.mdx
p-020,20260912整理_20,20260912整理_20.mdx
p-021,20260912整理_21,20260912整理_21.mdx
p-022,20260912整理_22,20260912整理_22.mdx
p-023,20260912整理_23,20260912整理_23.mdx
p-024,20260912整理_24,20260912整理_24.mdx
p-025,20260912整理_25,20260912整理_25.mdx
p-026,20260912整理_26,20260912整理_26.mdx
p-027,20260912整理_27,20260912整理_27.mdx
p-028,20260912整理_28,20260912整理_28.mdx
p-029,20260912整理_29,20260912整理_29.mdx
p-030,20260912整理_30,20260912整理_30.mdx
p-031,20260912整理_31,20260912整理_31.mdx
p-032,20260912整理_32,20260912整理_32.mdx
p-033,20260912整理_33,20260912整理_33.mdx
p-034,20260912整理_34,20260912整理_34.mdx
p-035,20260912整理_35,20260912整理_35.mdx
p-036,20260912整理_36,20260912整理_36.mdx
p-037,20260912整理_37,20260912整理_37.mdx
p-038,20260912整理_38,20260912整理_38.mdx
p-039,20260912整理_39,20260912整理_39.mdx
p-040,20260912整理_40,20260912整理_40.mdx
p-041,20260912整理_41,20260912整理_41.mdx
p-042,20260912整理_42,20260912整理_42.mdx
p-043,20260912整理_43,20260912整理_43.mdx
p-044,20260912整理_44,20260912整理_44.mdx
p-045,20260912整理_45,20260912整理_45.mdx
p-046,20260912整理_46,20260912整理_46.mdx
p-047,20260912整理_47,20260912整理_47.mdx
p-048,20260912整理_48,20260912整理_48.mdx
p-049,20260912整理_49,20260912整理_49.mdx
p-050,20260912整理_50,20260912整理_50.mdx
p-051,20260912整理_51,20260912整理_51.mdx
p-052,20260912整理_52,20260912整理_52.mdx
p-053,20260912整理_53,20260912整理_53.mdx
p-054,20260912整理_54,20260912整理_54.mdx
p-055,20260912整理_55,20260912整理_55.mdx
p-056,20260912整理_56,20260912整理_56.mdx
p-057,20260912整理_57,20260912整理_57.mdx
p-058,20260912整理_58,20260912整理_58.mdx
p-059,20260912整理_59,20260912整理_59.mdx
p-060,20260912整理_60,20260912整理_60.mdx
p-061,20260912整理_61,20260912整理_61.mdx
p-062,20260912整理_62,20260912整理_62.mdx
p-063,20260912整理_63,20260912整理_63.mdx
p-064,20260912整理_64,20260912整理_64.mdx
p-065,20260912整理_65,20260912整理_65.mdx
p-066,20260912整理_66,20260912整理_66.mdx
p-067,20260912整理_67,20260912整理_67.mdx
p-068,20260912整理_68,20260912整理_68.mdx
p-069,20260912整理_69,20260912整理_69.mdx
p-070,20260912整理_70,20260912整理_70.mdx
p-071,20260912整理_71,20260912整理_71.mdx
p-072,20260912整理_72,20260912整理_72.mdx
p-073,20260912整理_73,20260912整理_73.mdx
p-074,20260912整理_74,20260912整理_74.mdx
p-075,20260912整理_75,20260912整理_75.mdx
p-076,20260912整理_76,20260912整理_76.mdx
p-077,20260912整理_77,20260912整理_77.mdx
p-078,20260912整理_78,20260912整理_78.mdx
p-079,20260912整理_79,20260912整理_79.mdx
p-080,20260912整理_80,20260912整理_80.mdx
p-081,20260912整理_81,20260912整理_81.mdx
p-082,20260912整理_82,20260912整理_82.mdx
p-083,20260912整理_83,20260912整理_83.mdx
p-084,20260912整理_84,20260912整理_84.mdx
p-085,20260912整理_85,20260912整理_85.mdx
p-086,20260912整理_86,20260912整理_86.mdx
p-087,20260912整理_87,20260912整理_87.mdx
p-088,20260912整理_88,20260912整理_88.mdx
p-089,20260912整理_89,20260912整理_89.mdx
p-090,20260912整理_90,20260912整理_90.mdx
p-091,20260912整理_91,20260912整理_91.mdx
p-092,20260912整理_92,20260912整理_92.mdx
p-093,20260912整理_93,20260912整理_93.mdx
p-094,20260912整理_94,20260912整理_94.mdx
p-095,20260912整理_95,20260912整理_95.mdx
p-096,20260912整理_96,20260912整理_96.mdx
p-097,20260912整理_97,20260912整理_97.mdx
p-098,20260912整理_98,20260912整理_98.mdx
p-099,20260912整理_99,20260912整理_99.mdx
p-100,20260912整理_100,20260912整理_100.mdx
p-101,20260912整理_101,20260912整理_101.mdx
p-102,20260912整理_102,20260912整理_102.mdx
p-103,20260912整理_103,20260912整理_103.mdx
p-104,20260912整理_104,20260912整理_104.mdx
p-105,20260912整理_105,20260912整理_105.mdx
p-106,20260912整理_106,20260912整理_106.mdx
p-107,20260912整理_107,20260912整理_107.mdx
p-108,20260912整理_108,20260912整理_108.mdx
p-109,20260912整理_109,20260912整理_109.mdx
p-110,20260912整理_110,20260912整理_110.mdx
p-111,20260912整理_111,20260912整理_111.mdx
p-112,20260912整理_112,20260912整理_112.mdx
p-113,20260912整理_114,20260912整理_114.mdx
p-114,20260912整理_115,20260912整理_115.mdx
p-115,20260912整理_116,20260912整理_116.mdx
p-116,20260912整理_117,20260912整理_117.mdx
p-117,20260912整理_118,20260912整理_118.mdx
p-118,20260912整理_119,20260912整理_119.mdx
p-119,20260912整理_120,20260912整理_120.mdx
p-120,20260912整理_121,20260912整理_121.mdx
p-121,20260912整理_122,20260912整理_122.mdx
p-122,20260912整理_123,20260912整理_123.mdx
p-123,20260912整理_124,20260912整理_124.mdx
p-124,20260912整理_125,20260912整理_125.mdx
p-125,20260912整理_126,20260912整理_126.mdx
p-126,20260912整理_127,20260912整理_127.mdx
p-127,20260912整理_128,20260912整理_128.mdx
p-128,20260912整理_129,20260912整理_129.mdx
p-129,20260912整理_130,20260912整理_130.mdx
p-130,20260912整理_131,20260912整理_131.mdx
p-131,20260912整理_132,20260912整理_132.mdx
p-132,20260912整理_133,20260912整理_133.mdx
p-133,20260912整理_134,20260912整理_134.mdx
p-134,20260912整理_135,20260912整理_135.mdx
p-135,20260912整理_136,20260912整理_136.mdx
p-136,20260912整理_137,20260912整理_137.mdx
p-137,20260912整理_138,20260912整理_138.mdx
p-138,20260912整理_139,20260912整理_139.mdx
p-139,20260912整理_140,20260912整理_140.mdx
p-140,20260912整理_141,20260912整理_141.mdx
p-141,20260912整理_142,20260912整理_142.mdx
p-142,20260912整理_143,20260912整理_143.mdx
p-143,20260912整理_144,20260912整理_144.mdx
p-144,20260912整理_145,20260912整理_145.mdx
p-145,20260912整理_146,20260912整理_146.mdx
p-146,20260912整理_147,20260912整理_147.mdx
p-147,20260912整理_148,20260912整理_148.mdx
p-148,20260912整理_149,20260912整理_149.mdx
p-149,20260912整理_150,20260912整理_150.mdx
p-150,20260912整理_151,20260912整理_151.mdx
p-151,20260912整理_152,20260912整理_152.mdx
p-152,20260912整理_153,20260912整理_153.mdx
p-153,20260912整理_154,20260912整理_154.mdx
p-154,20260912整理_155,20260912整理_155.mdx
p-155,20260912整理_156,20260912整理_156.mdx
p-156,20260912整理_157,20260912整理_157.mdx
p-157,20260912整理_158,20260912整理_158.mdx
p-158,20260912整理_159,20260912整理_159.mdx
p-159,20260912整理_160,20260912整理_160.mdx
p-160,20260912整理_161,20260912整理_161.mdx
p-161,20260912整理_162,20260912整理_162.mdx
p-162,20260912整理_163,20260912整理_163.mdx
p-163,20260912整理_164,20260912整理_164.mdx
p-164,20260912整理_165,20260912整理_165.mdx
p-165,20260912整理_166,20260912整理_166.mdx
p-166,20260912整理_167,20260912整理_167.mdx
p-167,20260912整理_168,20260912整理_168.mdx
p-168,20260912整理_169,20260912整理_169.mdx
p-169,20260912整理_170,20260912整理_170.mdx
p-170,20260912整理_171,20260912整理_171.mdx
p-171,20260912整理_172,20260912整理_172.mdx
p-172,20260912整理_173,20260912整理_173.mdx
p-173,20260912整理_174,20260912整理_174.mdx
p-174,20260912整理_175,20260912整理_175.mdx
p-175,20260912整理_176,20260912整理_176.mdx
p-176,20260912整理_177,20260912整理_177.mdx
p-177,20260912整理_178,20260912整理_178.mdx
p-178,20260912整理_179,20260912整理_179.mdx
p-179,20260912整理_180,20260912整理_180.mdx
p-180,20260912整理_181,20260912整理_181.mdx
p-181,20260912整理_182,20260912整理_182.mdx
p-182,20260912整理_183,20260912整理_183.mdx
p-183,20260912整理_184,20260912整理_184.mdx
p-184,20260912整理_185,20260912整理_185.mdx
p-185,20260912整理_186,20260912整理_186.mdx
p-186,20260912整理_187,20260912整理_187.mdx
p-187,20260912整理_188,20260912整理_188.mdx
p-188,20260912整理_189,20260912整理_189.mdx
p-189,20260912整理_190,20260912整理_190.mdx
p-190,20260912整理_191,20260912整理_191.mdx
p-191,20260912整理_192,20260912整理_192.mdx
p-192,20260912整理_193,20260912整理_193.mdx
p-193,20260912整理_194,20260912整理_194.mdx
p-194,20260912整理_195,20260912整理_195.mdx
p-195,20260912整理_196,20260912整理_196.mdx
p-196,20260912整理_197,20260912整理_197.mdx
p-197,20260912整理_198,20260912整理_198.mdx
p-198,20260912整理_199,20260912整理_199.mdx
p-199,20260912整理_200,20260912整理_200.mdx
p-200,20260912整理_201,20260912整理_201.mdx
p-201,20260912整理_202,20260912整理_202.mdx
p-202,20260912整理_203,20260912整理_203.mdx
p-203,20260912整理_204,20260912整理_204.mdx
p-204,20260912整理_205,20260912整理_205.mdx
p-205,20260912整理_206,20260912整理_206.mdx
p-206,20260912整理_207,20260912整理_207.mdx
p-207,20260912整理_208,20260912整理_208.mdx
p-208,20260912整理_209,20260912整理_209.mdx
p-209,20260912整理_210,20260912整理_210.mdx
p-210,20260912整理_211,20260912整理_211.mdx
p-211,20260912整理_212,20260912整理_212.mdx
p-212,20260912整理_213,20260912整理_213.mdx
p-213,20260912整理_214,20260912整理_214.mdx
p-214,20260912整理_216,20260912整理_216.mdx
p-215,20260912整理_217,20260912整理_217.mdx
p-216,20260912整理_218,20260912整理_218.mdx
p-217,20260912整理_219,20260912整理_219.mdx
p-218,20260912整理_220,20260912整理_220.mdx
p-219,20260912整理_221,20260912整理_221.mdx
p-220,20260912整理_222,20260912整理_222.mdx
p-221,20260912整理_223,20260912整理_223.mdx
p-222,20260912整理_224,20260912整理_224.mdx
p-223,20260912整理_225,20260912整理_225.mdx
p-224,20260912整理_226,20260912整理_226.mdx
p-225,20260912整理_227,20260912整理_227.mdx
p-226,20260912整理_228,20260912整理_228.mdx
p-227,20260912整理_229,20260912整理_229.mdx
p-228,20260912整理_230,20260912整理_230.mdx
p-229,20260912整理_231,20260912整理_231.mdx
p-230,20260912整理_232,20260912整理_232.mdx
p-231,20260912整理_233,20260912整理_233.mdx
p-232,20260912整理_234,20260912整理_234.mdx
p-233,20260912整理_235,20260912整理_235.mdx
p-234,20260912整理_236,20260912整理_236.mdx
p-235,20260912整理_237,20260912整理_237.mdx
p-236,20260912整理_238,20260912整理_238.mdx
p-237,20260912整理_239,20260912整理_239.mdx
p-238,20260912整理_240,20260912整理_240.mdx
p-239,20260912整理_241,20260912整理_241.mdx
p-240,20260912整理_242,20260912整理_242.mdx
p-241,20260912整理_243,20260912整理_243.mdx
p-242,20260912整理_244,20260912整理_244.mdx
p-243,20260912整理_245,20260912整理_245.mdx
p-244,20260912整理_246,20260912整理_246.mdx
p-245,20260912整理_247,20260912整理_247.mdx
p-246,20260912整理_248,20260912整理_248.mdx
p-247,20260912整理_249,20260912整理_249.mdx
p-248,20260912整理_250,20260912整理_250.mdx
p-249,20260912整理_251,20260912整理_251.mdx
p-250,20260912整理_252,20260912整理_252.mdx
p-251,20260912整理_253,20260912整理_253.mdx
p-252,20260912整理_254,20260912整理_254.mdx
p-253,20260912整理_255,20260912整理_255.mdx
p-254,20260912整理_256,20260912整理_256.mdx
p-255,20260912整理_257,20260912整理_257.mdx
p-256,20260912整理_258,20260912整理_258.mdx
p-257,20260912整理_259,20260912整理_259.mdx
p-258,20260912整理_260,20260912整理_260.mdx
p-259,20260912整理_261,20260912整理_261.mdx
p-260,20260912整理_262,20260912整理_262.mdx
p-261,20260912整理_263,20260912整理_263.mdx
p-262,20260912整理_264,20260912整理_264.mdx
p-263,20260912整理_265,20260912整理_265.mdx
p-264,20260912整理_266,20260912整理_266.mdx
p-265,20260912整理_267,20260912整理_267.mdx
p-266,20260912整理_268,20260912整理_268.mdx
p-267,20260912整理_269,20260912整理_269.mdx
p-268,20260912整理_270,20260912整理_270.mdx
p-269,20260912整理_271,20260912整理_271.mdx
p-270,20260912整理_272,20260912整理_272.mdx
p-271,20260912整理_273,20260912整理_273.mdx
p-272,20260912整理_274,20260912整理_274.mdx
p-273,20260912整理_275,20260912整理_275.mdx
p-274,20260912整理_276,20260912整理_276.mdx
p-275,20260912整理_277,20260912整理_277.mdx
p-276,20260912整理_278,20260912整理_278.mdx
p-277,20260912整理_279,20260912整理_279.mdx
p-278,20260912整理_280,20260912整理_280.mdx
p-279,20260912整理_281,20260912整理_281.mdx
p-280,20260912整理_282,20260912整理_282.mdx
p-281,20260912整理_283,20260912整理_283.mdx
p-282,20260912整理_284,20260912整理_284.mdx
p-283,20260912整理_285,20260912整理_285.mdx
p-284,20260912整理_286,20260912整理_286.mdx
p-285,20260912整理_287,20260912整理_287.mdx
p-286,20260912整理_288,20260912整理_288.mdx
p-287,20260912整理_289,20260912整理_289.mdx
p-288,20260912整理_290,20260912整理_290.mdx
